<?xml version="1.0" encoding="UTF-8"?>
<beans xmlns="http://www.springframework.org/schema/beans"
	xmlns:xsi="http://www.w3.org/2001/XMLSchema-instance" 
	xmlns:context="http://www.springframework.org/schema/context"
    xmlns:tx="http://www.springframework.org/schema/tx"
	xmlns:mvc="http://www.springframework.org/schema/mvc"
	xsi:schemaLocation="
		http://www.springframework.org/schema/beans
		http://www.springframework.org/schema/beans/spring-beans.xsd
		http://www.springframework.org/schema/context
		http://www.springframework.org/schema/context/spring-context.xsd
		http://www.springframework.org/schema/mvc
		http://www.springframework.org/schema/mvc/spring-mvc.xsd
		http://www.springframework.org/schema/tx 
		http://www.springframework.org/schema/tx/spring-tx.xsd">
		
	<context:component-scan base-package="ilazar.postit" />

	<!-- support for conversion, formatting and validation support -->
	<mvc:annotation-driven/>

	<!-- Spring MVC view resolver -->
	<bean
		class="org.springframework.web.servlet.view.InternalResourceViewResolver">
		<property name="prefix" value="/WEB-INF/view/" />
		<property name="suffix" value=".jsp" />
	</bean>

	<!-- Database DataSource / connection pool -->
	<bean id="myDataSource" class="com.mchange.v2.c3p0.ComboPooledDataSource"
          destroy-method="close">
        <property name="driverClass" value="com.mysql.cj.jdbc.Driver" />
        <property name="jdbcUrl" value="jdbc:mysql://localhost:3306/postit?useSSL=false&amp;serverTimezone=UTC" />
        <property name="user" value="ilazardemo" />
        <property name="password" value="ilazardemo" /> 

        <!-- connection pool properties for C3P0 -->
        <property name="minPoolSize" value="5" />
        <property name="maxPoolSize" value="20" />
        <property name="maxIdleTime" value="30000" />
	</bean>  
	
    <!-- Hibernate session factory -->
	<bean id="sessionFactory"
		class="org.springframework.orm.hibernate5.LocalSessionFactoryBean">
		<property name="dataSource" ref="myDataSource" />
		<property name="packagesToScan" value="ilazar.postit.entity" />
		<property name="hibernateProperties">
		   <props>
		      <prop key="hibernate.dialect">org.hibernate.dialect.MySQLDialect</prop>
		      <prop key="hibernate.show_sql">true</prop>
		   </props>
		</property>
   </bean>	  

    <!-- Hibernate transaction manager -->
	<bean id="myTransactionManager"
            class="org.springframework.orm.hibernate5.HibernateTransactionManager">
        <property name="sessionFactory" ref="sessionFactory"/>
    </bean>
    
	<tx:annotation-driven transaction-manager="myTransactionManager" />
	
	<!-- Resources -->
	<mvc:resources location="/resources/" mapping="/resources/**" />
	
</beans>





